video_id,video_title,got_frame_coord,detekcja na przyk≈Çadach,komentarz,episode
0,Game of Thrones   Season 8 Episode 5 Cersei and Jamie Die Together REACTIONS MASHUP,"[[826,451], [1269,449], [828,707], [1269,707]]",OK,,5
1,Game of Thrones Reaction  Ep 8x03 The Long Night Part 1,brak,,,3
2,Game of Thrones Season 8 Episode 5 REVIEW & REACTION,do wyrzucenia,,not related,5
3,ARYA FOR MVP! Game Of Thrones Season 8 Episode 3 Reaction,,,tu co≈õ siƒô nie zgadza,3
4,Game of Thrones Season 8 Episode 1 - Winterfell Reaction,"[[688,371], [1275,375], [1275,713], [686,715]] ",OK,tu trochƒô¬†za wysoko,1
5,Game of Thrones 8x3 The Long Night Reaction!!!!! Part 1,"[[677,8],[681,331],[1275,333],[1275,2]]",OK,,3
6,Game of Thrones   Season 8 Episode 3 Arya Kills The Night King REACTIONS MASHUP,"[[1053,602],[1273,600],[1280,715],[1059,717]]",OK,,3
7,Game of Thrones  802  Part 1  A Knight of the Seven Kingdoms  FAMILY Reactions,"[[551,295],[1265,291],[1265,705],[551,709]]",OK,,2
8,GAME OF THRONES - 8X03 THE LONG NIGHT REACTION,"[[763,428],[1275,430],[1277,715],[761,713]]",23,,3
9,Game Of Thrones [8x5] The Bells - PART 2 [REACTION],"[[887,31],[1265,33],[889,239],[1263,241]]",OK,,5
10,Game of Thrones 8x03 The Long Night Part 2 REACTION (live),do wyrzucenia,,telewizor,3
11,Game of Thrones 8x04 The Last of the Starks Reaction,"[[637,363],[1271,367],[1275,713],[646,719]]",OK,,4
12,Game Of Thrones 8x05 Reactions - The Bells - parte 1 - Clips Paralelos,"[[2,430],[505,438],[509,717],[2,715]]",NO,,5
13,Game of Thrones Season 8 Episode 3 REACTION The Long Night 8x3 Reaction PART 1,do wyrzucenia,,"not related, mo≈ºna zrobiƒá doube check",3
14,Game of Thrones 8x4 The Last of the Starks  PART 1 (REACTION),"[[589,14],[593,377],[1273,373],[1269,25]]",OK,,4
15,Game of Thrones   Season 8 Episode 5  The Hound vs Mountain  CleganeBowl REACTIONS MASHUP,do wyrzucenia,,kilka scen jednocze≈õnie,5
16,Game Of Thrones 8x5 The Bells Reaction!,"[[363,400],[914,402],[914,702],[367,705]]",OK,,5
17,Game of Thrones  Season 8 - Episode 5 The Bells Reaction (P2),"[[371,419],[933,419],[931,715],[365,713]]",23,,5
18,Game of Thrones 8x01 Golden Company Arrives Twitch Chat Reaction,do wyrzucenia,,,1
19,Game Of Thrones  Burlington Bar Reactions  S8E1 Winterfell Part Two!,"[[751,417],[1267,419],[1265,709],[757,709]]",OK,,1
20,üêâGOT 8x5 REACTION - Game Of Thrones 8x05 - GOT8x5 - Daenerys Burned Everything üêâ,"[[763,434],[765,707],[1259,423],[1263,702]]",OK,,5
21,Game of Thrones 8x04 The Last of the Starks REACTION! PART 3,"[[379,335],[1072,342],[1074,713],[377,717]]",OK,tu sƒÖ¬†jakie≈õ dziwne kolory,4
22,Game of Thrones Season 8 Episode 4 The Last of the Starks - Reaction Part 2,"[[344,398],[925,402],[925,717],[348,713]]",OK,,4
23,Arya Wins the World Cup! (or it seems) - Top Crowd Reactions Compilation Game Of Thrones 8x03,do wyrzucenia,,r√≥≈ºne ujƒôcia,3
24,Game of Thrones S08E04 The Last of the Starks Brazilian Reaction - Bar do Seu Z√©,"[[908,501],[1225,505],[1227,679],[912,675]]",OK,,4
25,Game of Thrones Reaction  8x3 ‚ÄúThe Long Night‚Äù (Part 2),"[[37,417],[518,419],[516,688],[35,686]]",OK,,3
26,Game of Thrones 8x3  The Long Night reaction!!,"[[8,6],[560,4],[560,318],[4,314]]",OK,,3
27,Game of Thrones Reaction 8x5 Part 2 of 2,"[[818,413],[805,8],[71,2],[67,417]]",OK,,5
28,Game of Thrones fan reaction to the most INSANE moments of Season 8 Episode 3 The Long Night,"[[365,373],[912,375],[914,679],[367,679]]",OK,,3
29,Game Of Thrones 8x2 scene - Arya slays Gendry!! -  A Knight of the Seven Kingdoms REACTION,"[[6,371],[616,379],[616,713],[2,715]]",OK,,2
30,Game of Thrones 8x1 REACTION  PART 1  WINTERFELL!! Argentina,"[[700,31],[1244,29],[700,333],[1242,331]]",,,1
31,Game of Thrones - 8x5 The Bells [Part 1] - Group Reaction,"[[318,363],[963,365],[308,702],[952,711]]",,,5
32,Game of Thrones 8x5 The Bells Reaction Highlights!,"[[757,18],[1259,14],[1261,297],[755,297]]",,,5
33,Game of Thrones - 8x1 Winterfell [Part 1] - Group Reaction,do wyrzucenia,,,1
34,Game of Thrones 8x2 Part 2 - REACTION!!,do wyrzucenia,,,2
35,Game of Thrones Reaction 8x1 Part 1of2,"[[0,0],[600,0],[600,340],[0,340]]",,"Tu jest idealnie co do piksela, poproszƒô nagrodƒô specjalnƒÖ",1
36,Game of Thrones Reaction  8x1 Winterfell,"[[35,420],[35,680],[516,680],[516,420]]",,<3,1
37,Game Of Thrones 8x4 The Last Of The Starks REACTION Part 2,"[[0,450],[480,450],[480,715],[0,715]]",,,4
38,Game Of Thrones Season 8 Episode 3 Arya Kills The Night King Reaction Compilation,do wyrzucenia,,"to jest jaka≈õ kompilacja, ramki w r√≥≈ºnych miejscach",3
39,Game of Thrones 8x03 The Long Night Reaction wVictorlaszlo88 Parte 2,"[[518,583],[713,583],[514,713],[705,710]]",,ramka jest bardzo ma≈Ça,3
40,Game of Thrones Reaction 8x3 The Long Night Part 2,"[[705,0],[1270,0],[705,310],[1270,310]]",,,3
41,GAME OF THRONES Season 8 Episode 1 Winterfell REACTION (we waited so long for this!),"[[10,370],[600,370],[10,700],[600,700]]",,,1
42,1,"[[30,65],[30,400],[630,400],[630,65]]",,,#N/A
44,GAME OF THRONES SEASON 8 EPISODE 1 GROUP WINTERFELL REACTION!! (READ DESCRIPTION BOX),"[[590,390],[1180,390],[1180,715],[590,715]]",,,1
45,Game of Thrones Season 8 Episode 1 Review and Reaction!,do wyrzucenia,,nie by≈Ço GoT,1
47,GAME OF THRONES SEASON 8 EPISODE 4 REACTION THE LAST OF  THE STARKS PT 1,"[[720,15],[1250,15],[1250,310],[720,310]]",,,4
48,INDIAN GIRLS EPIC REACTION TO GOT  8 x 3  GAME OF THRONES SEASON 8 EPISODE 3 REVIEW,"[[814,459],[1273,457],[1273,715],[810,711]]",,,3
49,Rin watches Game of Thrones (Reaction) 8x02 A Knight of the Seven Kingdoms,"[[824,30],[1244,30],[1244,268],[820,268]]",,,2
50,ENDING & DEATH REACTIONS  GAME OF THRONES S08 E03,"[[350,500],[730,500],[350,710],[730,710]]",,,3
51,GAME OF THRONES - S08E04 - ReactionReview,"[[50,370],[600,370],[600,660],[50,660]]",,,4
52,GAME OF THRONES Season 8 Episode 4 - REACTION!!! The Last Of The Starks,,,,4
53,Game of Thrones  Season 8 Episode 2 Reaction,,,,2
54,Game of Thrones  Season 8 - Episode 5 The Bells Reaction (P3),,,,5
55,Game Of Thrones Season 8x4 Reaction  Tepki,,,,4
56,Game of Thrones Reaction 8x3 The Long Night Part 1,,,,3
57,Game of Thrones  Season 8 Episode 3  The Long Night  Reaction,,,,3
58,Game of Thrones Season 8 Episode 1 Winterfell - Reaction Part 1,,,,1
59,Game of Thrones 8x1 scene - Umber-wight Jump Scare - Winterfell - REACTION,,,,1
60,Game of Thrones  Season 8 Episode 2  A Knight Of The Seven Kingdoms  Reaction,,,,2
61,Game Of Thrones 8x3 The Long Night REACTION,,,,3
62,Game of Thrones Season 8 - Episode 1 REACTION Winterfell,,,,1
63,game of thrones  82  reaction and review  series hang,,,,2
64,Game of Thrones 8x2 REACTIONDISCUSSION!! {A Knight of the Seven Kingdoms},,,,2
65,Game of Thrones 8x4 The Last of the Starks Reaction Highlights!,,,,4
66,Game of Thrones Reaction - The Last of The Starks Part 12,,,,2
67,Game of Thrones Season 8 Episode 2 A Knight of the Seven Kingdoms - Reaction Part 2,,,,2
68,Game of Thrones 8 x 3  Vietnam fan Reactions  Lyanna Mormont scene  Saigon Offline,,,,3
69,Game of Thrones  Season 8 Episode 5  The Bells  Reaction (Part 2),,,,5
70,Game of Thrones 8x3 The Long Night Reaction Part 2!!,"[[4,470], [453,467], [6,713], [449,715]]",OK,,3
71,üò± Game of Thrones REACTION 8x3 8x03 S8E3 Season 8 episode 3 THE LONG NIGHT üò§ Arya,,,,3
72,Game Of Thrones  REACTION - Season 8 Episode 4 pt3 The Last Of The Starks,,,,3
73,Game of Thrones 8 x 3 The Long Night Reaction & Review,,,,3
74,Game of Thrones REACTION & REVIEW - 8x1 Winterfell,,,,1
75,Game of Thrones Season 8 Episode 4 Reaction to The Last of the Starks 8x04,,,,4
76,Game of Thrones Season 8 Episode 4 Review and Reaction!,,,,4
77,Game of Thrones 8x5 REACTION!! {THE BELLS} Pt 1,,,,5
78,Game of thrones reactions- The Last of the Starks 8x4 (part 2),,,,4
79,Game of Thrones 8x4 The Last of the Starks  PART 2 (REACTION),,,,4
80,Game of Thrones S8 E2 A Knight of the Seven Kingdoms Reaction,,,,2
81,Game Of Thrones Season 8 Episode 2 Arya Sex Scene Reaction CompilationüçÜ,,,,2
82,Game of Thrones  Taverna Bar Reaction  S8 EP4  PART 1,,,,4
83,Game of Thrones REACTION  8x2 A Knight of the Seven Kingdoms - Part 1,,,,2
84,Game of Thrones Reaction to ‚ÄúWinterfell‚Äù 8x01,,,,1
85,Game of Thrones 8x5 REACTION and REVIEW  The Bells,,,,5
86,Game Of Thrones [8x4] The Last Of The Starks - REACTION,,,,4
87,Game of Thrones 8x3  The Long Night Part 1 - REACTION!!,,,,3
88,Game Of Thrones 8x1 Winterfell Reaction!,,,,1
89,Game of Thrones 8x1 Winterfell Reaction Part 1,,,,1
90,Game of Thrones Season 8 Ep 4 First Reaction,,,,4
91,Game of Thrones 8x1 Winterfell (Part 2) - REACTION,,,,1
92,GAME OF THRONES 8X04 THE LAST OF THE STARKS REACTIONDISCUSSION PART 4,,,,4
93,Game Of Thrones [8x2] A Knight of the Seven Kingdoms [REACTION],,,,2
94,GAME OF THRONES Season 8 Episode 1 Winterfell REACTION & REVIEW,,,,1
95,GAME OF THRONES SEASON 8 EP 4 - PART 3 REACTION,,,,4
96,Game of Thrones Season 8 Episode 5 Reaction & Review The Bells 8X5,,,,5
97,Game of Thrones 8x5 The Bells GROUP REACTIONREVIEW PART1,,,,5
98,Game of Thrones Season 8 Episode 2 - A Knight of the Seven Kingdoms Reaction,,,,2
99,Game of Thrones Season 8 Episode 1 Winterfell- Reaction and Review Part 1!,,,,1
100,Game of thrones 8x3 REACTION arg,,,,3
101,Game of Thrones Fan Reaction to the CRAZIEST moments of Season 8 Episode 5 The Bells !!!,,,,5
102,Game of Thrones 8x5 REACTION The Bells!  PART 2  BurnThemAll,,,,5
103,Game Of Thrones  S8 E3 The Long Night - Part 2  Reaction  Review,,,,3
104,Game of Thrones - 8X3 The Long Night [Part 1] - Group Reaction,,,,3
105,Game of Thrones 8x1 Winterfell Reaction Part 2,,,,1
106,Game of Thrones REACTION Season 8 Episode 5 The Bells 8x5 Reaction PART 3,,,,5
107,Game of Thrones 8x03 The Long Night King Death Reaction,,,,3
108,Game of Thrones - 8x3 The Long Night - Reaction (Part 1),,,,3
109,Game of Thrones 8x01 Winterfell Reaction,,,,1
110,GAME OF THRONES REACTION - SEASON 8 EPISODE 3 (PART 3),,,,3
111,Game of Thrones Season 8 Episode 4 reaction to RHAEGAL AND MISSANDEI SCENES!!!,,,,4
112,üò≠ Game of Thrones REACTION 8x04 8x4 S8E4 Season 8 episode 4 RHAEGAL MISSANDEI,,,,4
113,Game of Thrones 8X5 THE BELLS -  Reaction  Review,,,,5
114,Game of Thrones Season 8 Episode 1 Winterfell REACTION!! Truth bombs and reunions!,,,,1
115,REACTION GAME OF THRONES - 8x4 PART 2 The Last of the Starks,,,,4
116,Game Of Thrones 8x3 REACTION (PART 1),,,,3
117,Game of Thrones 8x01 Jon Snows First Dragon Ride Twitch Chat Reaction,,,,1
118,Game Of Thrones - S08E02  REACTION  REVIEW (Season 8 Episode 2),,,,2
119,GAME OF THRONES 8x03 THE LONG NIGHT REACTION,,,,3
121,Game Of Thrones  Burlington Bar Reactions  S8E4  Euron Attack Scene,,,,4
122,Game of Thrones 8x4 REACTION and REVIEW  The Last of the Starks,,,,4
123,Game of thrones reactions - A Knight of the Seven Kingdoms 8x2 (part1),,,,2
124,Game of Thrones S8 Ep2 A Knight of the Seven Kingdoms REACTION + REVIEW!!!,,,,2
126,Game of Thrones 8x3 The Long Night REACTION Part 1!!!,,,,3
127,REACCI√ìN Game of Thrones 8X1 Winterfell  REACTION GOT,,,,1
128,Game Of Thrones  Burlington Bar Reactions  S8E4 The Last of the Starks PART 2,,,,2
129,Game of Thrones 8x1 REACTION!! Winterfell,,,,1
130,THE LONG NIGHT Reaction - Game of Thrones 8x03,,,,3
131,Game of Thrones 84 The Last of the Starks Part 1 REACTION,,,,4
132,Game of Thrones  Season 8 Ep 5  Reaction,,,,5
133,Game of Thrones Season 8 Episode 4 The Last of the Starks- Reaction Part 2!,,,,4
134,Game of Thrones FAMILY Reactions 508,,,,5
135,Game of Thrones S08E03 The Long Night Pt 12 Brazilian Reaction - Bar do Seu Z√©,,,,3
136,Game of Thrones Season 8 Episode 3 The Long Night Part 2 REACTION!,,,,3
137,GAME OF THRONES - S08E05 - ReactionReview,,,,5
138,GoT 8x1 Reaction ‚ÄúWinterfell‚Äù,,,,1
139,Game Of Thrones 8x4 REACTION,,,,4
140,Game of Thrones 8x4 REACTION!! The Last of the Starks [Part 1],,,,4
141,Game of thrones reactions - The Long Night 8x3 (part 2),,,,3
142,Game of Thrones Season 8 Episode 3 The Long Night REACTION!! (Part 1),,,,3
143,Game of Thrones 8x3 REACTION,,,,3
145,Game of Thrones Season 8 Episode 1 REACTION Winterfell 8x1 Reaction!!!,,,,1
146,Game of Thrones - 8x2 A Knight of the Seven Kingdoms [Part 1] - Group Reaction,,,,1
147,Game Of Thrones Season 8 Episode 4  Euron Kills Rhaegal Reaction Compilation,,,,4
148,Game of Thrones  Season 8 - Episode 5 The Bells Reaction (P5),,,,5
149,Game of thrones 8x5 Reaction Part Two ‚ÄúThe Bell‚Äù,,,,5
150,Game Of Thrones - S08E04 Last of the Starks REACTION  REVIEW (Season 8 Episode 4),,,,4
151,Game of Thronesüëë8x4 reaction The Last Of The Starks Got8x4 gotreaction,,,,4
152,Game of Thrones Season 8 Episode 2 A Knight of the Seven Kingdoms GROUP REACTIONREVIEW PT2,,,,2
153,Game of Thrones 8x1 Winterfell Reaction!!!!,,,,1
154,Premier Game Of Thrones 8x1 (Reaction Unboxing)  marywachi,,,,1
155,GAME OF THRONES SEASON 8 EPISODE 3 REACTION THE LONG NIGHT,,,,3
156,Game of Thrones 8x5  P1 The Bells REACTION,,,,5
157,END SCENE REACTION! Game Of Thrones 8x04 Tyrion Confronts Cersei !,,,,4
158,Game of Thrones 8x4 Reaction! - The Last of the Starks,,,,4
159,Game of Thrones - 8x1 (Part 1) - Winterfell - REACTION!,,,,1
160,Game of Thrones 8x4 p2 The Last of the Starks REACTION,,,,4
161,REACTION Game of Thrones 8x04 The Last of the Starks (PART 2),,,,4
162,Game of Thrones 8x01 Reaction  Winterfell,,,,1
163,Game of Thrones 8 x 1 Winterfell Reaction,,,,1
164,Game of Thrones Season 8 Episode 3 The Long Night REACTION!! (Part 2),,,,2
165,Game of Thrones reactions- Winterfell 8x1 (part2),,,,1
166,Game of Thrones 8x3 REACTION  PART 2  ¬®THE LONG NIGHT¬®!!,,,,2
167,Game of Thrones 8x1 Winterfell Reaction Highlights!,,,,1
168,Game of Thrones 8 x 4  The Last of the Starks Reaction,,,,4
169,Game of Thrones Season 8 Episode 2 A Knight of the Seven Kingdoms GROUP REACTIONREVIEW PT1,,,,1
170,GAME OF THRONES  8x4 - The Last of the Starks Reaction (WARNING - SPOILERS!!!),,,,4
171,GAME OF THRONES SEASON 8 EP 5 REACTION - PART 3,,,,5
172,Game Of Thrones 8x02 WTF Edition Reaction,,,,2
173,EPIC Game of Thrones 8x3 The Long Night REACTION PART 2 (ARYA!!!),,,,3
174,Game Of Thrones 8x3 REACTION (PART 2),,,,3
175,Game of Thrones S08E04 The Last of the Starks - Reaction & Short Review! Part 2,,,,4
176,Game Of Thrones 8x1 REACTION,,,,1
177,Game of Thrones Season 8 Episode 5 The Bells- Reaction Part 1!,,,,5
178,Game of Thrones 8x1 Winterfell REACTION (Part 1),,,,1
179,Game of Thrones 8x3  Vietnam fan Reactions  The Long Night Part 1  Saigon Offline,,,,3
180,Game Of Thrones 8x3 REACTIONREVIEW!! [Part 2] The Long Night,,,,3
181,Game of thrones reactions - A Knight of the Seven Kingdoms 8x2 (part2),,,,2
182,Game of Thrones Season 8 Episode 1 - Winterfell REACTION!!,,,,1
183,Game of Thrones - 8x3 (Part 2) - The Long Night - REACTION!,,,,3
184,Game of thrones public reaction season 8 episode 3,,,,3
185,Game of Thrones Season 8 Episode 5 The Bells Part 2 REACTION!!,,,,5
186,Game of Thrones 8x5 REACTIONDISCUSSION!! {THE BELLS} Pt 2,,,,5
187,Game of Thrones 8x2 A Knight of the Seven Kingdoms (REACTION üî•),,,,2
188,Game of Thrones - Se8 Ep5 - The Bells - Reaction - Full Reaction Part 1,,,,5
189,Game of Thrones Season 8 Episode 3 The Long Night - Reaction Part 3,,,,3
190,REACTION Game of Thrones 8x02 (Part 2),,,,2
191,Game of Thrones 8x01 Sam Tells Jon the Truth Twitch Chat Reaction,,,,1
192,Game Of Thrones  Burlington Bar Reactions  S8E2 A Knight of the Seven Kingdoms Part 3 !!,,,,2
193,Game of Thrones 8x3  - The Long Night - REACTION Part 2,,,,3
194,Game of Thrones - 8x5 The Bells [Part 2] - Group Reaction,,,,5
195,Game of Thrones REACTION & REVIEW - 8x4 The Last of the Starks - Part 1,,,,1
196,Game Of Thrones Reaction 8x03 The Long Night marywachi,,,,3
197,Game of Thrones Season 8 episode 3  The Long Night Reaction (P2),,,,3
198,Game of Thrones 8x1 Reaction Winterfell (PART 1),,,,1
199,GAME OF THRONES 8X01 WINTERFELL REACTION PART 2,,,,1
200,Game of Thrones 8x1 REACTION and REVIEW  Winterfell,,,,1
201,GAME OF THRONES SEASON 8 EP 4 - PART 1 REACTION,,,,4
202,Game of Thrones 8x5 The Bells Part 2 (VERY DISAPPOINTING REACTION üî•),,,,5
203,Game of Thrones 8x04 The Last of the Starks Reaction Part 1,,,,4
204,Game Of Thrones  Burlington Bar Reactions  S8E3 The Long Night Part 2!!,,,,3
205,Game of Thrones 8x1 Winterfell REACTION,,,,1
206,Game Of Thrones  Burlington Bar Reactions  S8E3 The Long Night Part 1!,,,,1
207,Game of Thrones 8x5 The Bells Part 1 (COUPLES THERAPY REACTION üî•),,,,5
208,Game Of Thrones 8x4 - The Last of the Starks - REACTION!!!,,,,4
209,Game of Thrones   Season 8 Episode 4   Cersei Kills Missandei REACTIONS MASHUP,,,,4
210,Game Of Thrones - S08E03 The Long Night REACTION  REVIEW (Season 8 Episode 3),,,,3
211,Game of Thrones - 8x1 Winterfell - Reaction,,,,1
212,Game of Thrones 8x2 REACTION  PART 2  ¬®A Knight of the Seven Kingdoms¬®!!,,,,2
213,Game of Thrones Season 8 Episode 3 The Long Night - Reaction Part 2,,,,3
214,Game of Thrones 8x3 ‚ÄòThe Long Night‚Äô REACTION (Part Two)!!,,,,3
215,Game of Thrones REACTION & REVIEW - 8x3 The Long Night - Part 2,,,,2
216,GoT 8x1 Winterfell Reaction,,,,1
217,Game of Thrones S08 E03 The Long Night REACTION  Arya Stark,,,,3
218,GAME OF THRONES SEASON 8 EPISODE 3 THE LONG NIGHT GROUP REACTION PART 2 (HORRIBLE AUDIO),,,,3
219,Game Of Thrones  Burlington Bar Reactions  S8E3 THE DROP Scene!!,,,,3
220,Game of Thrones 8x3  - The Long Night - REACTION Part 1,,,,3
221,Game of Thrones Season 8 Episode 2 -  A Knight of the Seven Kingdoms REACTION!!,,,,2
222,Game of Thrones 8x05 REACTION & REVIEW The Bells PART 1 S08E05  JuliDG,,,,5
223,Game of Thrones REACTION & REVIEW - 8x4 The Last of the Starks - Part 2,,,,2
224,Game of Thrones Season 8 Episode 1 Winterfell Part 2 REACTION!!,,,,1
225,Game of Thrones 8x2 A KNIGHT OF THE SEVEN KINGDOMS - Reaction  Review,,,,2
226,GAME OF THRONES 8X04 THE LAST OF THE STARKS REACTION PART 3,,,,4
227,Game of Thrones 8x02 A Knight of the Seven Kingdoms Reaction,,,,2
228,GAME OF THRONES  8x3 - The Long Night (PART TWO) Reaction (WARNING - SPOILERS!!!),,,,3
229,Game of Thrones 8x04 The Last of the Starks Reaction Part 2,,,,4
230,Game of Thrones 8x3 Reactions tech issues,,,,3
231,Game of Thrones 8x04 Missandei Death Reaction The Last of the Starks,,,,4
232,REACTION Game of Thrones 8x4 - The Last of the Starks,,,,4
233,Rin watches Game of Thrones (Reaction) 8x04 The Last of the Starks,,,,4
234,Game of Thrones  Season 8 Episode 4  The Last of the Starks  Reaction (Part 2),,,,2
235,Game of Thrones 8x1 Winterfell - Group Reaction! We Back in Westeros!!!,,,,1
236,Game of Thrones Season 8 Episode 3 The Realms of Men Reaction!,"[[6, 350], [656, 346], [658, 713], [4, 717]]",OK,,3
237,Game of Thrones REACTION  8x1 Winterfell - Part 2,,,,1
238,REACTION Game of Throne 8x2 - Game of Thrones,,,,2
239,Game of Thrones 8x04 Reaction (Part 2),,,,4
240,Game of Thrones Season 8 episode 3  The Long Night Reaction (P5) FINALE!,,,,3
241,Game of Thrones - Se8 Ep5 - The Bells - Reaction - Full Reaction Part 3,,,,5
242,Game of Thrones 8x4 THE LAST OF THE STARKS - Reaction  Review,,,,4
243,GAME OF THRONES Reactions at Burlington Bar  Battle of the Bastards Pt 2  ,,,,#N/A
244,Game of Thrones 8x1 Winterfell (REACTION üî•),,,,1
245,GAME OF THRONES 8X03 THE LONG NIGHT REACTION PART 4,,,,3
246,Game of Thrones 8x5 The Bells (Part 2) REACTION!!!,,,,5
247,Game Of Thrones 8x3 REACTION pt2,,,,3
248,Game of Thrones 8x3 REACTION!! {The Long Night},,,,3
249,GAME OF THRONES SEASON 8 EPISODE 2 REACTION,,,,2
250,Game of Thrones  803  The Long Night  FAMILY Reactions  Part 1,,,,3
251,Game of Thrones 8x3 THE LONG NIGHT - Reaction  Review,,,,3
252,REACTION Game Of Thrones 8x01 Winterfell (PART 1),,,,1
253,Game Of Thrones - 8x2 A Knight of the Seven Kingdoms [Part 2] - Group Reaction,,,,2
254,Game of Thrones - Se8 Ep4 - The Last of the Starks - Reaction - Full Reaction Part 3,,,,4
255,Game of Thrones Season 8 x 3  Vietnam fan Reactions  The Long Night Part 3  Saigon Offline,,,,3
256,Game of Thrones 8x04 Reaction Part 1,,,,4
257,Game of Thrones REACTION & REVIEW -  8x5 The Bells - Part 2,,,,2
258,Game of Thrones S08E03 The Long Night - Reaction! Part 1,,,,3
259,GOT 8x4 REACTION - Game Of Thrones 8x04 - GOT8x4,,,,4
260,Game Of Thrones 8x01 - Winterfell Reaction Part 1,,,,1
261,Game Of Thrones Season 8 Episode 4 Reaction & Review ! The Last of the Starks,,,,4
262,Game of Thrones Season 8 Episode 2 A Knight of the Seven Kingdoms REACTION!!,,,,2
263,REACTION GAME OF THRONES - 8x4 PART 1 The Last of the Starks,,,,4
264,GOT 8x3  Night King Death group reaction,,,,3
265,Game of Thrones 8 x 3  Vietnam fan Reactions  Arya kill Night King scene  Saigon Offline,,,,3
266,Game of Thrones Season 8 Episode 4 The Last of the Starks Part 1 REACTION!!,,,,4
267,GAME OF THRONES Season 8 Ep 3 JamSnugg Reaction,,,,3
268,Game of Thrones 8x4 REACTION!!! The Last of the Starks Part 1,,,,4
269,Game of Thrones 8x4 Reaction Part 2,,,,4
270,Game of Thrones Season 8 Ep  1 reaction!!!!,,,,1
271,Game Of Thrones  S8 E3 The Long Night - Part 3  Reaction  Review,,,,3
272,Game of Thrones Season 8 Episode 4 REACTION! Spoilers!!!,,,,4
273,Game of Thrones 8x2 Part 1 - REACTION!!,,,,1
274,Game of Thrones 8x1 REACTION!!! Winterfell,,,,1
275,Game of Thrones  804  The Last of the Starks  FAMILY Reactions  Part 1,,,,4
276,Game of Thrones Season 8 Episode 5 The Bells Part 1 REACTION!!,,,,5
277,INTENSE Game of Thrones 8x4 The Last of the Starks REACTION Part 2 (RHAEGAL & MESSANDI),,,,4
278,GAME OF THRONES 8x3 Season 8 Episode 3 The Long Night REACTION & REVIEW,,,,3
279,Game of Thrones REACTION  8x3 The Long Night - Part 1,,,,3
280,Game of Thrones  803  The Long Night  FAMILY Reactions  Part 2,,,,3
281,Game of Thrones 8X3 The Long Night - Group Reaction Part 2 - End Game!!,,,,3
282,Game of Thrones 8x04 Reaction Part 2,,,,2
283,Game of Thrones S8 Ep3 The Long Night REACTION + REVIEW!!!,,,,3
284,Game Of Thrones  8x1 Winterfell Season 8 Premiere REACTION (Part 2) & Review,,,,1
285,Game of Thrones Season 8 Episode 4 REACTION The Last of the Starks 8x4 Reaction PART 2,,,,4
286,Game of Thrones 8x1  ‚ÄòWinterfell‚Äô REACTION!!,,,,1
287,Game of Thrones 8X01 WINTERFELL reaction!!,,,,1
288,Game of thrones 8x4 Reaction Part1,,,,4
289,Game of Thrones 8x01 Reaction,,,,1
290,Game of Thrones - Se8 Ep4 - The Last of the Starks - Reaction - Full Reaction Part 1,,,,4
291,Game of Thrones Season 8 Episode 1 Winterfell GROUP REACTIONREVIEW,,,,1
292,GAME OF THRONES SEASON 8 EPISODE 1 REACTION ‚öî,,,,1
293,Game of Thrones 8x4 REACTION!!! The Last of the Starks Part 2,,,,4
294,Game of Thrones 8x4 Reaction Part 1,,,,4
295,Game of Thrones  Season 8 - Episode 5 The Bells Reaction (P1),,,,5
296,Game of Thrones 8x03 The Long Night Reaction Part 2,,,,3
297,Game of Thrones 8x4 - The Last of the Starks - REACTION Part 1,,,,4
298,Game of Thrones 8x1 Winterfell (Part 1) - REACTION,,,,1
299,Game Of Thrones - Season 8 Episode 1 Premiere Winterfell REACTION  REVIEW (Season 7 Episode ),,,,1
300,Game of Thrones  Season 8 Episode 5  The BELLS   REACTION!,,,,5
301,Game of Thrones 8x3 The Long Night Reaction Highlights!,,,,3
302,Brazilian Crowd Reaction Arya scene - Game of Thrones S8E3,,,,3
303,Game of Thrones 8x03 Reaction Part 2,,,,2
304,Game of Thrones 8x2 Reaction Part 1,,,,2
305,Game of Thrones - 8X3 The Long Night [Part 2] - Group Reaction,,,,2
306,Game Of Thrones  Burlington Bar Reactions  S8E4 The Last of the Starks PART 3!!,,,,3
307,Game of Thrones 8x1 Reaction Part 2,,,,1
308,GAME OF THRONES SEASON 8 EPISODE 5 REACTION THE BELLS PT 1,,,,5
309,Game of Thrones 8x2 REACTION and REVIEW  A Knight of The Seven Kingdoms,,,,2
310,Game of Thrones 8x3 The Long Night Part 1 (COUPLES THERAPY REACTION üî•),,,,3
311,Game of Thrones 8x1 REACTION  PART 2  WINTERFELL!! Argentina,,,,1
312,Game of Thrones FIRST REACTION (Episode 5 Season 8) Final Scenes,,,,5
313,Game of Thrones  - 8x03 - p2 - The Long Night Reaction!,,,,3
314,Game of Thrones Reaction  8x4 The Last of the Starks (Part 2),,,,4
315,Game Of Thrones  Burlington Bar Reactions  S8E1 Winterfell Part ONe!,,,,1
316,Game of Thrones 8X3 Reaction Part 1,,,,3
317,Game of Thrones 8x02 Reaction Part 2,,,,2
318,Game of Thrones 8x03 The Long Night Reaction Part 1,,,,3
319,REACTION to Game of Thrones (HBO) (S8) Ep 3 THE LONG NIGHT  EPIC ENDING Scene,,,,3
320,Game of Thrones 8x4 The Last of the Starks ‡∏ã‡∏±‡∏ö‡πÑ‡∏ó‡∏¢  Reaction,,,,4
321,Game of Thrones 8x01 Reaction Part 2,,,,1
322,Game Of Thrones  Burlington Bar Reactions  S8E2 A Knight of the Seven Kingdoms Part 2!,"[[398,219],[399,334],[589,331],[592,220]]",,,2
323,Game of Thrones 8x03 Reaction Part 1,"[[159,179],[451,178],[449,338],[160,335]]",,,3
324,The Long Night! Game of Thrones Season 8 Episode 3 Reaction!!,"[[25,29],[276,30],[277,166],[24,168]]",,,3
325,Game of Thrones 8x03 The Long Night (Part 12) Reaction,"[[309,30],[309,30],[309,30],[309,30]]",,trzy ramki prawie takie same - watch out,3
326,Game of Thrones 8x04 Missandei of Naath Death Twitch Chat Reaction,,,na tych ramkach nie ma widz√≥w,4
327,Game of Thrones Season 8 Episode 1 Winterfell Part 1 REACTION!!,,,nie ma GoT na tych trzech ramkach,1
328,Game of Thrones 8x04 Euron Kills Dragon Rhaegal Twitch Chat Reaction,,,na tych ramkach nie ma widz√≥w,4
329,Game of Thrones 8x3 The Long Night Part 2 - REACTION!!,,,nie ma GoT na tych trzech ramkach,3
330,Game of Thrones 8X3 Reaction Part 2,"[[768,705],[768,705],[768,705],[768,705]]",,,3
331,Game Of Thrones  Burlington Bar Reactions  S8E3 The Long Night Part 3!!,"[[763,434],[1263,434],[1261,705],[768,705]]",,Uwaga - ramka GoT pojawia siƒô i znika,3